Creator Name,Creator Handle,Tweet URL,Matched Phrase,Impressions,Retweets,Likes,Replies,Quotes,Bookmarks,Engagement Rate,Created At,Tweet Text
"Youngsun Shin","@youngsun","https://twitter.com/75030510/status/2009971663870566654","Polygon Open Money Stack",5462,4,143,95,9,2,4.63%,"2026-01-10T12:52:42.000Z","그리고 여러분 최근 폴리곤이 @0xpolygon 한국 @KaitoAI 야퍼 보상에 꽤 진심인 거 아시나요? 

게다가 탑 몇 명에게만 주는 구조가 아니라, 한국 100위 안에만 들어두면 플래쉬 캠페인들이 계속 나오는 구조로 짜져있습니다.

첫번째로 나온 이번 Polygon Open Money Stack 캠페인은

상금 풀 https://t.co/gz4PF3CUk7"
"Carlitosway","@Carlitoswa_y","https://twitter.com/1471926684874162189/status/2009535287420928374","Polygon Open Money Stack",9474,8,201,142,37,5,4.15%,"2026-01-09T07:58:42.000Z","G 💜 Polygon 

The @0xPolygon Open Money Stack will allow money to move as freely as ideas do on the internet. 

Polygon is the payment layer! https://t.co/DUjM7vfpw4"
"MonicaTalan","@monitalan","https://twitter.com/29603039/status/2009659942463021211","Polygon Open Money Stack",975,0,49,20,1,2,7.38%,"2026-01-09T16:14:02.000Z","Yesterday, the Polygon Open Money Stack was unveiled. As I was reading through the announcement, and reflecting on what they’ve been building, especially in 2025, it was clear this didn’t come out of nowhere.

If you were paying attention during Money Rails at DevConnect, you https://t.co/6WgQ8PNy0I"
"Vadim","@crypto_vadim","https://twitter.com/1370822491111895043/status/2009296105855393960","Polygon Open Money Stack",1347,8,51,4,0,0,4.68%,"2026-01-08T16:08:17.000Z","Polygon Open Money Stack 👀 https://t.co/5MJ6b0mduz"
"Vadim","@crypto_vadim","https://twitter.com/1370822491111895043/status/2009478608000307288","Polygon Open Money Stack",1735,6,59,3,0,3,4.09%,"2026-01-09T04:13:29.000Z","Polygon Open Money Stack vision is strong.

But my questions are about value capture and strategy - and, of course, where the POL token fits into all of this. We’ll likely learn the answers soon - either directly from the team or simply by seeing how the stack evolves in https://t.co/4hapGyfCa5"
"ASH","@Ashtronikweb3","https://twitter.com/1846865838600507392/status/2010246194891530697","Polygon Open Money Stack",234,0,6,5,0,1,5.13%,"2026-01-11T07:03:36.000Z","Set your reminders for @0xPolygon AMA 

something is coming.

it might be related to the vision of Polygon Open Money Stack increasing global payments on crypto 

$POL token price looking good still despite btc dip https://t.co/xpIZFqEEOU"
"KING.base.eth🦇🔊","@AdebiyiChosen","https://twitter.com/1548413412790505472/status/2009893987365138438","Polygon Open Money Stack",1106,1,33,25,2,0,5.52%,"2026-01-10T07:44:03.000Z","The Polygon Open Money Stack: Infrastructure that eliminates Middlemen

Polygon is building the Open money stack 

The Open Money stack is integrated with infrastructure designed to move money instantly, reliably, and globally, while making it onchain

The Open Money Stack is a https://t.co/0Zr1cHc8cs"
"KING.base.eth🦇🔊","@AdebiyiChosen","https://twitter.com/1548413412790505472/status/2010394985116667989","Polygon Open Money Stack",129,1,4,1,0,0,4.65%,"2026-01-11T16:54:50.000Z","Looking to learn about Polygon Open Money stack Well

Read this: 👇 https://t.co/SwInDVagWa"
"DDAKBBAM l MemeMax⚡️","@ddakbbam1","https://twitter.com/888068616/status/2009568329615220943","Polygon Open Money Stack",1364,1,48,37,2,0,6.45%,"2026-01-09T10:10:00.000Z","[💜Polygon Open Money Stack: 모든 돈을 온체인으로]
@0xMarcB 가 포스팅한 아티클,
@0xPolygon (Powered by $POL) Open Money Stack!
  
✅비전: 돈의 미래 혁신
- 역사적으로 정보와 돈은 지리·시간·사람에 제약받음
- 인터넷이 정보를 자유롭게 했듯이, 이제 돈을 온체인으로 해방
- 현재 돈 https://t.co/LJ2qUxyslz https://t.co/lp1cnHJ3nT"
"abhinav sharma","@abhinavsam4","https://twitter.com/372916350/status/2009321727869026346","Polygon's Open Money Stack",3356,5,55,22,1,1,2.50%,"2026-01-08T17:50:05.000Z","Imagine if moving money was as easy, fast, and flexible as sending a message online

That’s exactly what @0xPolygon's Open Money Stack is aiming to do 💸

I’ll explain it in simple terms so everyone can understand how it works and how it can help in everyday life
🧵 https://t.co/syKf0cE4BF"
"Richard Seiler","@richardseiler","https://twitter.com/28353570/status/2009299930704159111","Polygon Open Money Stack",5450,7,83,9,0,3,1.87%,"2026-01-08T16:23:29.000Z","Amazing initiate from the team at $POL 

The Polygon Open Money Stack 

Money moved on chain. On POL https://t.co/xGl5glvKJc https://t.co/tct4pZ7s7c"
"skysky","@ohskying","https://twitter.com/1382683634562322434/status/2009807410156974415","Polygon Open Money Stack",917,5,102,85,1,5,21.59%,"2026-01-10T02:00:01.000Z","Polygon Open Money Stack

Polygon ( @0xPolygon )의 Open Money Stack 은
블록체인 하나의 비전이 아니라
돈이 움직이는 구조 전체를 온체인으로 재정의한 스택이다.

이 스택은 위에서부터 아래로 쌓여 있고,
그중 가장 위에 있는 레이어가 Applications 다.

■ Applications 레이어는 무엇인가 https://t.co/yDxymesPta"
"Jampzey","@Jampzey","https://twitter.com/1475014806025371651/status/2009521362252050555","Polygon Open Money Stack",18766,10,283,94,7,0,2.10%,"2026-01-09T07:03:22.000Z","polygon is shipping on global money rails

move all money on chain
abstract away the friction of *the chains*
let money move instantly, earn yield, and be fluid like water

the @0xPolygon open money stack:

rails, wallets, orchestration, compliance, yield

global money https://t.co/ZNDKwgUMNx"
"Nofuturistic.eth 👻","@nofuture","https://twitter.com/3040907056/status/2009331798657110403","Polygon Open Money Stack",4192,12,78,12,1,4,2.55%,"2026-01-08T18:30:07.000Z","The next few years will decide how money works for decades 🤔

Today moving money is still slow, expensive, and messy 🤕

@0xPolygon just announced the Polygon Open Money Stack, a plan to move all money on-chain and make it instant and global 👇🧵 https://t.co/qCkGtHq3gP"
"Nofuturistic.eth 👻","@nofuture","https://twitter.com/3040907056/status/2009695673890005221","Polygon Open Money Stack",4468,15,138,6,1,3,3.65%,"2026-01-09T18:36:01.000Z","I think the market is taking the @0xPolygon Open Money Stack announcement well as reflected by the sudden surge in the $POL price!

POL is becoming deflationary 🔥

Money will run on Polygon and the fees generated and burned will be a nice tailwind for POL 😈 https://t.co/QHdS4izX6Z"
"DD 滴滴./","@rtk17025","https://twitter.com/1867119476598353920/status/2009568135146504312","Polygon Open Money Stack",615,0,12,8,0,0,3.25%,"2026-01-09T10:09:14.000Z","With the power of @katana 

The payment is smoother than before

With the strength of @0xMiden 

The privacy is stronger than before

People may think that this is just a normal pump

But WE ARE SO BACK

@0xPolygon open money stack

G POL

@sandeepnailwal https://t.co/xvbn85kUuA https://t.co/mnCSTE1ZpI"
"Jarod 🎙️","@0xJarod","https://twitter.com/55998448/status/2009425261281050938","Polygon Open Money Stack",2552,7,199,26,0,2,9.17%,"2026-01-09T00:41:30.000Z","For the last 50 years, the way money moves has been slow, expensive, uncertain &amp; ripe for disruption 👀

Noticing this, @0xPolygon is announcing their ambition to build The Polygon Open Money Stack over the next 3 years to redefine how money moves with cutting-edge blockchain https://t.co/4LtII6O5cg https://t.co/j9w5xch2cc"
"Vadim","@crypto_vadim","https://twitter.com/1370822491111895043/status/2009465780220637258","Polygon Open Money Stack",3531,18,122,9,1,3,4.33%,"2026-01-09T03:22:30.000Z","Only the first week of 2026 has passed, and Polygon @0xPolygon  has already:

1 Announced the Polygon Open Money Stack, clearly showing what they’re actually building and where they’re heading. Polygon hasn’t been “just a crypto company” for a long time - it’s a strong https://t.co/5C30EeTy24"
"Vadim","@crypto_vadim","https://twitter.com/1370822491111895043/status/2009933530890154008","Polygon Open Money Stack",1520,10,51,7,1,0,4.54%,"2026-01-10T10:21:11.000Z","A key word in the Polygon Open Money Stack is “OPEN.”

Anyone can participate by integrating at any layer. In the current setup, it seems that all the margin stays with those who build and participate - they simply pay a small fee for the “rails,” which creates a sustainable https://t.co/2NGEErvcf9"
"ASH","@Ashtronikweb3","https://twitter.com/1846865838600507392/status/2010275386207183076","Polygon Open Money Stack",290,0,4,3,1,1,3.10%,"2026-01-11T08:59:35.000Z","reading the @0xPolygon Open Money Stack article  @YusufGemz 

you'd understand the vision and incoming growth of $POL ecosystem as a whole.
they're transcending into a global payments

noble_xyz stablecoin integration will be more on Polygon and stakers, holders will benefit from https://t.co/EKKsKCT80A"
"무두서일기.MOODOO📚","@MOODOO_Diary","https://twitter.com/1447404839743332355/status/2010004715942318323","Polygon Open Money Stack",6354,2,171,113,5,2,4.61%,"2026-01-10T15:04:03.000Z","Yaps ATH 1600 돌파 📈
Polygon도 엄청난 상승 중 📈

2025 Payment Infra로서 큰 성과를 낸 Polygon
2026년은 ""Polygon Open Money Stack""로서
다시 한 번 Polygon 르네상스를 준비하고 있슴다!

그에 맞춰 $POL 도 아주 강력하게 상승중이네요
앞으로 저도 꾸준히 Polygon에 대해 공부하고
Polygon https://t.co/xKv1Ez5PRI https://t.co/eNpEfHZPE3"
"skysky","@ohskying","https://twitter.com/1382683634562322434/status/2010479333119586688","Polygon Open Money Stack",554,2,72,70,1,1,26.35%,"2026-01-11T22:30:00.000Z","Polygon Open Money Stack의 다음 단계는 멀까??

@0xPolygon 
Open Money Stack 이후의 진짜 질문은
“ 이제 뭘 더 만들까? ”가 아니라
“ 이 위에 무엇을 올릴까? ” 라고 생각한다.

그 답은 새로운 기능이 아니라 자본이고
가장 먼저 올라오는 건 기관 자본
그 자본이 온체인에서 취하는 가장 https://t.co/8caokDnIcg"